bird,trk,site,cell,pd.sum,species,test.dir1,dir1.area,test.dir2,dir2.area,pref.speed,sp80.1,sp80.2,sp80.3,sp80.4,sp80.5,sp80.6,sp80.7,sp80.8,sp80.9,sp80.10,sp80.11,sp80.12,tune50,tune55,tune60,tune65,tune70,tune75,tune80,tune85,tune90,tune95
194,1,3007,1,11.07767069,2,0,25.08451421,180,4.784141425,47.99,0,0,0,0,0,0,0,0,0,1,0,0,4,4,4,4,3,3,1,1,1,1
194,1,3007,2,343.3023762,2,0,41.414853,180,8.478228051,79.86,0,0,0,0,0,0,0,0,1,1,1,1,6,5,5,4,4,4,4,4,3,2
194,1,3062,1,298.1192929,2,NA,NA,NA,NA,NA,NA,NA,NA,NA,NA,NA,NA,NA,NA,NA,NA,NA,NA,NA,NA,NA,NA,NA,NA,NA,NA,NA
194,1,3062,2,357.9896941,2,0,46.91254923,180,1.601028146,64.02,0,0,0,0,0,0,0,0,1,0,1,0,6,6,4,3,3,3,2,2,2,2
194,1,3062,3,287.0974136,2,NA,NA,NA,NA,NA,NA,NA,NA,NA,NA,NA,NA,NA,NA,NA,NA,NA,NA,NA,NA,NA,NA,NA,NA,NA,NA,NA
194,3,3459,3,187.9865274,2,NA,NA,NA,NA,NA,NA,NA,NA,NA,NA,NA,NA,NA,NA,NA,NA,NA,NA,NA,NA,NA,NA,NA,NA,NA,NA,NA
194,5,3516,1,116.901086,2,135,20.9021502,315,0.189960717,47.99,0,0,0,0,0,0,0,0,0,1,1,0,5,5,5,3,3,2,2,2,2,2
194,5,3516,2,176.299598,2,135,20.16883248,315,-17.42789077,4.03,0,0,0,0,1,0,0,0,0,1,0,1,6,5,4,4,4,3,3,2,2,2
194,5,3516,3,191.8806125,2,NA,NA,NA,NA,NA,NA,NA,NA,NA,NA,NA,NA,NA,NA,NA,NA,NA,NA,NA,NA,NA,NA,NA,NA,NA,NA,NA
194,5,3516,4,154.8983914,2,NA,NA,NA,NA,NA,NA,NA,NA,NA,NA,NA,NA,NA,NA,NA,NA,NA,NA,NA,NA,NA,NA,NA,NA,NA,NA,NA
198,3,2990,1,320.2842406,2,315,-12.91734593,135,-34.44285928,1.98,0,0,0,1,0,0,0,0,0,0,0,0,1,1,1,1,1,1,1,1,1,1
198,3,2990,2,339.5117592,2,315,30.44594564,135,-0.881013075,64.02,0,0,0,0,0,0,0,0,0,0,1,1,4,4,3,3,3,3,2,2,1,1
198,3,2990,3,7.095660218,2,NA,NA,NA,NA,NA,NA,NA,NA,NA,NA,NA,NA,NA,NA,NA,NA,NA,NA,NA,NA,NA,NA,NA,NA,NA,NA,NA
198,5,3345,1,69.29038063,2,NA,NA,NA,NA,NA,NA,NA,NA,NA,NA,NA,NA,NA,NA,NA,NA,NA,NA,NA,NA,NA,NA,NA,NA,NA,NA,NA
198,5,3345,2,146.9527505,2,135,-2.813561748,315,-12.73565831,64.02,0,0,0,0,0,0,0,0,0,0,1,0,1,1,1,1,1,1,1,1,1,1
198,5,3345,3,140.7921822,2,135,-22.7133177,315,-37.87051015,0.24,1,0,0,0,0,0,0,0,0,0,0,0,1,1,1,1,1,1,1,1,1,1
199,1,2383,1,92.38097387,2,90,1.674913293,270,-59.31209592,0.48,0,1,0,0,0,0,0,0,0,0,0,0,5,4,3,2,2,1,1,1,1,1
199,1,2383,2,66.71614439,2,90,1.792060803,270,-28.82291072,1.98,0,0,0,1,0,0,0,0,0,0,1,0,3,3,2,2,2,2,2,2,2,2
199,1,2383,3,118.6125846,2,90,9.539454882,270,-43.79792548,64.02,0,0,0,0,0,0,0,0,0,0,1,0,4,3,3,1,1,1,1,1,1,1
199,1,2383,4,69.34949894,2,NA,NA,NA,NA,NA,NA,NA,NA,NA,NA,NA,NA,NA,NA,NA,NA,NA,NA,NA,NA,NA,NA,NA,NA,NA,NA,NA
199,1,2468,1,119.4233427,2,135,32.91956516,315,-38.91249158,79.86,0,0,0,0,0,0,0,1,1,1,1,1,6,6,6,5,5,5,5,2,2,1
199,1,2468,2,118.2224734,2,135,17.84569118,315,-62.24588911,79.86,0,0,0,0,0,0,1,1,1,1,0,1,7,7,7,6,6,6,5,4,1,1
199,1,2468,3,127.0419675,2,135,11.28396696,315,-13.79676206,32.03,0,0,0,0,0,0,0,0,1,0,1,0,4,4,4,2,2,2,2,2,2,2
199,1,2468,4,78.27869521,2,NA,NA,NA,NA,NA,NA,NA,NA,NA,NA,NA,NA,NA,NA,NA,NA,NA,NA,NA,NA,NA,NA,NA,NA,NA,NA,NA
199,1,2468,5,151.1464714,2,135,19.2916127,315,-42.68681407,16.03,0,0,0,0,0,0,1,0,1,0,0,0,6,5,4,4,4,2,2,2,2,2
199,1,2711,1,100.9786653,2,135,7.319832638,315,-46.01473325,24,0,0,0,0,0,0,0,1,0,1,1,1,6,6,6,6,5,5,4,3,2,2
199,1,2711,2,122.4881005,2,135,0.718270924,315,-31.85377027,7.98,0,0,0,0,0,1,0,0,0,0,0,0,2,2,1,1,1,1,1,1,1,1
199,1,2711,3,124.1787553,2,135,16.7425784,315,-15.46897427,24,0,0,0,0,0,0,0,1,0,1,0,0,5,5,5,4,4,2,2,1,1,1
199,3,2806,1,293.1520127,2,315,3.646100017,135,-2.031005918,1.98,0,0,0,1,0,0,1,0,1,0,0,0,3,3,3,3,3,3,3,3,3,3
199,3,2806,2,10.306157,2,NA,NA,NA,NA,NA,NA,NA,NA,NA,NA,NA,NA,NA,NA,NA,NA,NA,NA,NA,NA,NA,NA,NA,NA,NA,NA,NA
199,3,2806,3,310.0426698,2,315,31.34565233,135,19.35859814,79.86,0,0,0,0,0,0,0,0,0,0,0,1,5,5,4,4,3,2,1,1,1,1
199,3,2806,4,322.7432757,2,315,5.028587506,135,-5.789250375,16.03,0,0,0,0,0,0,1,0,0,0,0,0,3,3,3,1,1,1,1,1,1,1
199,3,2889,2,257.4378236,2,NA,NA,NA,NA,NA,NA,NA,NA,NA,NA,NA,NA,NA,NA,NA,NA,NA,NA,NA,NA,NA,NA,NA,NA,NA,NA,NA
199,3,2889,3,257.2696628,2,NA,NA,NA,NA,NA,NA,NA,NA,NA,NA,NA,NA,NA,NA,NA,NA,NA,NA,NA,NA,NA,NA,NA,NA,NA,NA,NA
199,3,2889,5,264.3357838,2,NA,NA,NA,NA,NA,NA,NA,NA,NA,NA,NA,NA,NA,NA,NA,NA,NA,NA,NA,NA,NA,NA,NA,NA,NA,NA,NA
200,1,2586,1,89.29308944,2,NA,NA,NA,NA,NA,NA,NA,NA,NA,NA,NA,NA,NA,NA,NA,NA,NA,NA,NA,NA,NA,NA,NA,NA,NA,NA,NA
200,1,2586,2,129.4866167,2,135,5.810842812,315,-1.928703642,47.99,0,0,0,0,0,0,0,0,0,1,0,0,4,2,2,2,1,1,1,1,1,1
200,1,2586,3,89.30090903,2,NA,NA,NA,NA,NA,NA,NA,NA,NA,NA,NA,NA,NA,NA,NA,NA,NA,NA,NA,NA,NA,NA,NA,NA,NA,NA,NA
200,1,2658,1,79.21710939,2,90,12.28678542,270,-45.11168839,64.02,0,0,0,0,0,0,0,0,0,1,1,1,3,3,3,3,3,3,3,3,3,2
200,1,2658,2,123.3117317,2,90,2.456980765,270,-18.54963814,24,0,0,0,0,0,0,0,1,0,0,0,0,1,1,1,1,1,1,1,1,1,1
200,1,2658,3,119.9081396,2,90,5.575415245,270,-5.145058857,64.02,0,0,0,0,0,0,0,0,1,0,1,0,3,3,3,3,2,2,2,2,1,1
200,1,2658,4,107.3924671,2,90,-6.996940745,270,-26.30530253,1.98,0,0,0,1,0,0,0,0,0,0,0,0,4,4,4,2,2,1,1,1,1,1
200,2,2974,1,196.3966895,2,180,15.6024964,0,-11.46491752,79.86,0,0,0,0,0,0,0,0,0,0,0,1,4,4,3,2,2,1,1,1,1,1
200,2,2974,2,197.6179301,2,180,19.91239412,0,-27.09312242,79.86,0,0,0,0,0,0,0,0,0,1,1,1,4,4,4,4,4,4,3,2,2,2
200,4,2824,1,192.0036805,2,NA,NA,NA,NA,NA,NA,NA,NA,NA,NA,NA,NA,NA,NA,NA,NA,NA,NA,NA,NA,NA,NA,NA,NA,NA,NA,NA
200,4,2824,2,108.3780336,2,90,2.281052546,270,1.971672462,64.02,0,0,0,0,0,0,0,0,0,0,1,0,2,2,2,2,2,2,1,1,1,1
200,4,2824,3,136.157473,2,NA,NA,NA,NA,NA,NA,NA,NA,NA,NA,NA,NA,NA,NA,NA,NA,NA,NA,NA,NA,NA,NA,NA,NA,NA,NA,NA
200,4,2824,4,234.795673,2,270,-3.848101823,90,1.117128701,16.03,0,0,0,0,0,0,1,0,1,0,0,0,6,6,5,5,5,3,2,1,1,1
201,4,2519,1,37.53460749,2,0,17.76168746,180,7.448612938,47.99,0,0,0,0,0,0,1,0,0,1,0,1,6,5,4,3,3,3,3,1,1,1
201,4,2519,2,16.5068203,2,0,11.06942543,180,7.751562666,47.99,0,0,0,0,0,0,1,0,0,1,1,0,7,7,6,5,5,4,3,3,2,2
201,4,2927,1,179.5931235,2,180,-12.88137386,0,1.380524045,1.98,0,0,0,1,0,0,0,0,0,0,0,0,1,1,1,1,1,1,1,1,1,1
201,4,2927,2,2.763399692,2,0,14.75463372,180,-21.03630666,24,0,0,0,0,0,0,0,1,0,1,0,1,6,6,6,5,3,3,3,2,2,1
201,4,2927,3,184.2582318,2,180,-1.820896387,0,-1.790701596,1.98,0,0,0,1,0,0,0,0,0,0,0,0,1,1,1,1,1,1,1,1,1,1
201,5,2956,1,348.5705874,2,0,1.420670853,180,-18.75742441,4.03,0,0,0,0,1,1,0,0,1,0,0,0,5,5,4,4,3,3,3,3,2,1
201,5,2956,2,345.4381659,2,0,11.35434378,180,-18.25237394,32.03,0,0,0,0,0,0,0,0,1,0,0,0,1,1,1,1,1,1,1,1,1,1
201,6,2541,1,352.1904212,2,0,21.7670459,180,-2.831005973,64.02,0,0,0,0,0,0,0,0,0,0,1,0,4,4,4,3,2,1,1,1,1,1
201,6,2541,2,356.6797031,2,0,22.90747174,180,-21.50568298,24,0,0,0,0,0,0,0,1,1,0,0,0,5,5,5,2,2,2,2,2,2,2
201,6,2541,3,337.3329296,2,0,11.42374468,180,-2.727374553,64.02,0,0,0,0,0,0,0,0,0,0,1,0,2,2,2,2,1,1,1,1,1,1
201,6,2601,1,22.10427457,2,0,14.2450544,180,-1.912012043,79.86,0,0,0,0,0,0,0,0,0,1,1,1,5,4,4,4,4,3,3,2,2,2
201,6,2601,2,284.1924688,2,NA,NA,NA,NA,NA,NA,NA,NA,NA,NA,NA,NA,NA,NA,NA,NA,NA,NA,NA,NA,NA,NA,NA,NA,NA,NA,NA
201,6,2601,3,33.32267562,2,0,10.65133884,180,-0.65315002,47.99,0,0,0,0,0,0,0,0,0,1,0,0,4,4,4,2,2,2,1,1,1,1
201,6,3056,1,347.7396245,2,0,28.6927327,180,-37.8520611,64.02,0,0,0,0,0,0,0,1,1,1,1,0,5,5,5,5,5,4,4,4,2,2
201,6,3056,2,289.1062602,2,NA,NA,NA,NA,NA,NA,NA,NA,NA,NA,NA,NA,NA,NA,NA,NA,NA,NA,NA,NA,NA,NA,NA,NA,NA,NA,NA
201,6,3056,3,326.7485298,2,0,11.33070634,180,4.784739664,64.02,0,0,0,0,0,0,0,1,1,0,1,0,3,3,3,3,3,3,3,2,2,2
202,1,3011,1,315.3121555,2,315,35.59909304,135,14.4453017,64.02,0,0,0,0,0,0,0,0,0,1,1,1,6,5,5,4,3,3,3,2,1,1
202,1,3011,2,347.2107308,2,315,35.30641517,135,13.76362163,64.02,0,0,0,0,0,0,0,0,0,1,1,1,6,5,5,4,3,3,3,2,2,2
202,2,3106,2,255.3561628,2,NA,NA,NA,NA,NA,NA,NA,NA,NA,NA,NA,NA,NA,NA,NA,NA,NA,NA,NA,NA,NA,NA,NA,NA,NA,NA,NA
202,2,3167,1,88.46505496,2,NA,NA,NA,NA,NA,NA,NA,NA,NA,NA,NA,NA,NA,NA,NA,NA,NA,NA,NA,NA,NA,NA,NA,NA,NA,NA,NA
202,2,3167,3,71.25762197,2,NA,NA,NA,NA,NA,NA,NA,NA,NA,NA,NA,NA,NA,NA,NA,NA,NA,NA,NA,NA,NA,NA,NA,NA,NA,NA,NA
202,3,2809,1,147.0037709,2,135,43.04800191,315,-2.064600586,47.99,0,0,0,0,0,0,0,1,1,1,1,0,6,6,5,4,4,4,4,3,3,2
202,3,2809,2,239.3999495,2,NA,NA,NA,NA,NA,NA,NA,NA,NA,NA,NA,NA,NA,NA,NA,NA,NA,NA,NA,NA,NA,NA,NA,NA,NA,NA,NA
202,3,3061,1,85.74045507,2,NA,NA,NA,NA,NA,NA,NA,NA,NA,NA,NA,NA,NA,NA,NA,NA,NA,NA,NA,NA,NA,NA,NA,NA,NA,NA,NA
202,3,3061,2,61.41981238,2,NA,NA,NA,NA,NA,NA,NA,NA,NA,NA,NA,NA,NA,NA,NA,NA,NA,NA,NA,NA,NA,NA,NA,NA,NA,NA,NA
202,3,3123,1,155.7679736,2,180,2.991505259,0,-29.40270008,64.02,0,0,0,1,0,0,0,0,0,0,1,0,5,5,4,4,4,4,2,1,1,1
202,3,3123,2,270.0016103,2,NA,NA,NA,NA,NA,NA,NA,NA,NA,NA,NA,NA,NA,NA,NA,NA,NA,NA,NA,NA,NA,NA,NA,NA,NA,NA,NA
202,3,3123,3,160.6951273,2,180,43.18157195,0,20.84872334,47.99,0,0,0,0,0,0,1,1,1,1,1,1,6,6,6,6,6,6,6,3,3,3
202,3,3199,1,11.5896352,2,NA,NA,NA,NA,NA,NA,NA,NA,NA,NA,NA,NA,NA,NA,NA,NA,NA,NA,NA,NA,NA,NA,NA,NA,NA,NA,NA
202,3,3199,2,359.3109492,2,315,22.95572212,135,33.69033685,32.03,0,0,0,0,0,0,0,0,1,1,1,0,4,4,4,3,3,3,3,2,1,1
202,3,3199,3,146.1558128,2,135,22.20178748,315,-12.05150564,7.98,0,0,0,0,0,1,0,0,0,1,0,0,7,7,7,4,4,3,2,2,1,1
202,3,3237,1,65.86960248,2,NA,NA,NA,NA,NA,NA,NA,NA,NA,NA,NA,NA,NA,NA,NA,NA,NA,NA,NA,NA,NA,NA,NA,NA,NA,NA,NA
202,3,3237,2,22.75003796,2,NA,NA,NA,NA,NA,NA,NA,NA,NA,NA,NA,NA,NA,NA,NA,NA,NA,NA,NA,NA,NA,NA,NA,NA,NA,NA,NA
202,3,3327,1,272.6237193,2,NA,NA,NA,NA,NA,NA,NA,NA,NA,NA,NA,NA,NA,NA,NA,NA,NA,NA,NA,NA,NA,NA,NA,NA,NA,NA,NA
202,3,3327,2,235.7586981,2,225,45.85224151,45,-21.3303837,47.99,0,0,0,0,0,0,0,1,1,1,1,1,6,5,5,5,5,5,5,4,4,3
202,3,3327,3,233.6938498,2,225,4.444450374,45,3.144487511,0.24,1,0,0,0,0,0,0,0,0,0,0,0,4,2,1,1,1,1,1,1,1,1
202,3,3327,4,296.3314326,2,NA,NA,NA,NA,NA,NA,NA,NA,NA,NA,NA,NA,NA,NA,NA,NA,NA,NA,NA,NA,NA,NA,NA,NA,NA,NA,NA
202,3,3395,1,241.3001656,2,225,19.23030162,45,-22.39794201,47.99,0,0,0,0,0,0,0,1,0,1,0,0,6,6,5,4,4,2,2,2,1,1
202,3,3395,2,198.7458922,2,225,33.57187636,45,-4.414439704,32.03,0,0,0,0,0,0,0,0,1,0,1,1,5,4,4,4,3,3,3,3,3,2
202,3,3395,3,168.8233734,2,NA,NA,NA,NA,NA,NA,NA,NA,NA,NA,NA,NA,NA,NA,NA,NA,NA,NA,NA,NA,NA,NA,NA,NA,NA,NA,NA
1416,1,5701,1,0.236973137,1,NA,NA,NA,NA,NA,NA,NA,NA,NA,NA,NA,NA,NA,NA,NA,NA,NA,NA,NA,NA,NA,NA,NA,NA,NA,NA,NA
1416,1,5701,2,358.077153,1,NA,NA,NA,NA,NA,NA,NA,NA,NA,NA,NA,NA,NA,NA,NA,NA,NA,NA,NA,NA,NA,NA,NA,NA,NA,NA,NA
1416,1,5701,3,359.1236562,1,NA,NA,NA,NA,NA,NA,NA,NA,NA,NA,NA,NA,NA,NA,NA,NA,NA,NA,NA,NA,NA,NA,NA,NA,NA,NA,NA
1416,1,5844,1,3.773888751,1,NA,NA,NA,NA,NA,NA,NA,NA,NA,NA,NA,NA,NA,NA,NA,NA,NA,NA,NA,NA,NA,NA,NA,NA,NA,NA,NA
1416,1,5844,2,358.2180613,1,NA,NA,NA,NA,NA,NA,NA,NA,NA,NA,NA,NA,NA,NA,NA,NA,NA,NA,NA,NA,NA,NA,NA,NA,NA,NA,NA
1422,10,5493,1,176.2261504,1,180,33.37741209,0,-9.572947124,79.86,0,0,0,0,0,0,0,0,0,0,1,1,3,3,3,3,2,2,2,1,1,1
1422,10,5493,2,2.673509816,1,0,57.92750124,180,13.30753377,24,0,0,0,0,0,1,1,1,1,1,1,1,9,9,8,8,8,7,7,5,3,2
1422,10,5493,3,358.9994083,1,0,43.66622408,180,6.564396255,16.03,0,0,0,0,0,1,1,1,0,0,0,1,8,8,8,8,8,7,4,4,3,2
1422,10,5787,1,16.20070048,1,0,-14.98769195,180,-6.021924143,0.99,0,0,1,0,0,0,0,0,0,0,0,0,2,2,2,2,1,1,1,1,1,1
1422,10,5787,2,180.8243898,1,180,37.81462309,0,-31.23945375,79.86,0,0,0,0,0,0,0,0,0,0,1,1,4,3,3,3,2,2,2,2,1,1
1422,10,5787,3,2.90813616,1,0,60.40019912,180,24.11399598,32.03,0,0,0,0,0,1,1,1,1,1,1,1,8,8,8,7,7,7,7,5,2,2
1422,10,5787,4,359.5882956,1,0,42.19354165,180,22.00742216,16.03,0,0,0,0,0,0,1,1,0,1,0,0,9,9,9,9,7,4,3,3,1,1
1422,11,5725,1,350.6585874,1,0,58.41410772,180,-1.847847165,16.03,0,0,0,0,0,1,1,1,1,1,0,0,9,8,8,7,7,5,5,4,4,2
1422,11,5725,2,355.990508,1,0,56.80864663,180,-0.691369183,16.03,0,0,0,0,0,1,1,1,1,1,0,0,9,8,8,8,7,5,5,4,4,2
1422,11,5762,1,350.4437594,1,NA,NA,NA,NA,NA,NA,NA,NA,NA,NA,NA,NA,NA,NA,NA,NA,NA,NA,NA,NA,NA,NA,NA,NA,NA,NA,NA
1422,11,5762,2,351.678269,1,NA,NA,NA,NA,NA,NA,NA,NA,NA,NA,NA,NA,NA,NA,NA,NA,NA,NA,NA,NA,NA,NA,NA,NA,NA,NA,NA
1422,11,5762,3,352.7566524,1,NA,NA,NA,NA,NA,NA,NA,NA,NA,NA,NA,NA,NA,NA,NA,NA,NA,NA,NA,NA,NA,NA,NA,NA,NA,NA,NA
1422,11,5808,1,356.3098825,1,0,57.09261873,180,-11.68536439,32.03,0,0,0,0,0,1,1,1,1,0,0,0,9,7,7,7,7,7,4,4,4,2
1422,11,5808,2,353.0267348,1,0,51.42590908,180,-7.169638644,32.03,0,0,0,0,0,1,1,1,1,0,0,0,8,7,7,7,5,5,4,4,2,1
1422,11,5808,3,356.5716988,1,0,42.03650035,180,-11.31659236,64.02,0,0,0,0,0,0,0,0,1,1,1,1,7,6,5,5,5,4,4,4,4,2
1422,11,5890,1,356.4250977,1,0,60.51053471,180,-12.7604835,47.99,0,0,0,0,0,0,1,1,1,1,1,0,9,8,8,7,6,5,5,5,2,1
1422,11,5890,2,357.4064967,1,0,61.74340996,180,-10.9974254,32.03,0,0,0,0,0,1,1,1,1,1,1,0,9,9,8,8,8,7,6,6,4,3
1422,8,5721,1,181.1221949,1,180,43.60537975,0,-11.87861844,64.02,0,0,0,0,0,0,0,0,0,1,1,1,4,4,4,4,4,4,3,1,1,1
1422,8,5721,2,339.4249737,1,0,46.74586246,180,25.54774887,32.03,0,0,0,0,0,0,0,0,1,0,0,0,7,7,3,3,2,2,1,1,1,1
1422,8,5721,3,20.40885418,1,0,33.00665489,180,14.40357171,32.03,0,0,0,0,0,0,0,0,1,0,0,0,6,5,5,4,3,3,1,1,1,1
1422,8,5762,1,187.3643283,1,NA,NA,NA,NA,NA,NA,NA,NA,NA,NA,NA,NA,NA,NA,NA,NA,NA,NA,NA,NA,NA,NA,NA,NA,NA,NA,NA
1423,1,5581,1,337.9125933,1,0,55.79779948,180,16.85999477,16.03,0,0,0,0,0,1,1,1,1,1,1,1,8,7,7,7,7,7,7,5,2,2
1423,1,5581,2,321.2816289,1,0,49.64112672,180,15.43420305,24,0,0,0,0,0,1,1,1,1,0,1,1,8,7,7,7,7,7,6,5,5,2
1423,1,5581,3,355.4828637,1,0,55.63506727,180,-16.32255174,16.03,0,0,0,0,0,1,1,1,1,0,1,0,9,8,8,8,7,7,5,3,2,2
1423,1,5631,5,354.0216413,1,0,59.20163791,180,19.90539045,24,0,0,0,0,1,1,1,1,1,1,1,1,8,8,8,8,8,8,8,7,6,3
1423,1,5631,6,335.7236843,1,0,45.37499243,180,13.63147645,24,0,0,0,0,1,1,1,1,1,0,1,1,8,8,8,8,8,7,7,6,6,3
1423,2,5638,1,258.5517651,1,NA,NA,NA,NA,NA,NA,NA,NA,NA,NA,NA,NA,NA,NA,NA,NA,NA,NA,NA,NA,NA,NA,NA,NA,NA,NA,NA
1423,2,5638,2,243.5899809,1,NA,NA,NA,NA,NA,NA,NA,NA,NA,NA,NA,NA,NA,NA,NA,NA,NA,NA,NA,NA,NA,NA,NA,NA,NA,NA,NA
1423,2,5638,3,296.1559761,1,NA,NA,NA,NA,NA,NA,NA,NA,NA,NA,NA,NA,NA,NA,NA,NA,NA,NA,NA,NA,NA,NA,NA,NA,NA,NA,NA
1423,3,5723,1,196.6711645,1,180,-2.637861352,0,-2.635122329,0.99,0,0,1,0,0,0,0,0,0,0,0,0,1,1,1,1,1,1,1,1,1,1
1423,3,5723,2,342.1048933,1,0,40.76551294,180,-6.984147098,7.98,0,0,0,0,0,1,1,0,0,0,0,0,4,4,4,3,3,2,2,2,1,1
1423,3,5723,3,6.98241194,1,0,24.78508194,180,-7.802496871,47.99,0,0,0,0,0,1,0,0,0,1,0,0,4,3,3,3,3,3,2,2,2,2
1423,3,5723,4,332.2271748,1,0,35.07431644,180,-3.529624992,7.98,0,0,0,0,0,1,1,0,0,0,0,0,4,3,2,2,2,2,2,1,1,1
1423,3,5772,1,287.6545392,1,NA,NA,NA,NA,NA,NA,NA,NA,NA,NA,NA,NA,NA,NA,NA,NA,NA,NA,NA,NA,NA,NA,NA,NA,NA,NA,NA
1423,3,5772,2,333.1358952,1,0,26.93727377,180,-3.56841817,7.98,0,0,0,0,0,1,1,0,0,0,0,0,3,3,3,3,3,2,2,1,1,1
1423,3,5772,3,336.1003015,1,0,30.03994246,180,-7.923733144,7.98,0,0,0,0,0,1,0,1,0,0,0,0,4,3,3,3,3,2,2,2,2,1
1423,3,5772,4,342.0348301,1,0,35.07503676,180,2.485903539,16.03,0,0,0,0,0,1,1,1,0,0,0,0,5,4,4,3,3,3,3,2,2,2
1423,3,5822,1,148.2355703,1,180,37.92407469,0,-3.428814851,79.86,0,0,0,0,0,0,0,0,0,0,0,1,4,4,3,2,2,1,1,1,1,1
1423,3,5822,2,344.9688418,1,0,41.21948255,180,0.665822854,16.03,0,0,0,0,0,1,1,1,0,0,0,0,5,4,4,4,4,3,3,3,2,1
1423,3,5822,3,344.779762,1,0,42.41269259,180,3.419192848,16.03,0,0,0,0,0,1,1,1,0,0,0,0,5,4,4,4,4,4,3,3,3,3
1423,3,5822,4,357.0815232,1,0,35.78148846,180,2.318747382,7.98,0,0,0,0,0,1,1,1,0,0,0,0,5,4,4,3,3,3,3,3,3,2
1423,3,5937,1,126.464682,1,NA,NA,NA,NA,NA,NA,NA,NA,NA,NA,NA,NA,NA,NA,NA,NA,NA,NA,NA,NA,NA,NA,NA,NA,NA,NA,NA
1423,3,5937,2,169.9004926,1,NA,NA,NA,NA,NA,NA,NA,NA,NA,NA,NA,NA,NA,NA,NA,NA,NA,NA,NA,NA,NA,NA,NA,NA,NA,NA,NA
1423,5,5582,1,338.8770075,1,NA,NA,NA,NA,NA,NA,NA,NA,NA,NA,NA,NA,NA,NA,NA,NA,NA,NA,NA,NA,NA,NA,NA,NA,NA,NA,NA
1423,5,5582,2,340.01371,1,NA,NA,NA,NA,NA,NA,NA,NA,NA,NA,NA,NA,NA,NA,NA,NA,NA,NA,NA,NA,NA,NA,NA,NA,NA,NA,NA
1423,5,5582,3,316.595456,1,NA,NA,NA,NA,NA,NA,NA,NA,NA,NA,NA,NA,NA,NA,NA,NA,NA,NA,NA,NA,NA,NA,NA,NA,NA,NA,NA
1424,5,5641,1,186.9708525,1,180,41.43383849,0,-21.87406527,79.86,0,0,0,0,0,0,0,0,0,0,1,1,6,6,6,5,5,3,2,1,1,1
1424,5,5641,2,270.6328988,1,NA,NA,NA,NA,NA,NA,NA,NA,NA,NA,NA,NA,NA,NA,NA,NA,NA,NA,NA,NA,NA,NA,NA,NA,NA,NA,NA
1424,5,5641,3,343.9713094,1,0,24.69070734,180,-1.501729478,4.03,0,0,0,0,1,0,0,1,0,0,0,0,6,4,3,2,2,2,2,2,1,1
1424,5,5909,1,152.0581931,1,NA,NA,NA,NA,NA,NA,NA,NA,NA,NA,NA,NA,NA,NA,NA,NA,NA,NA,NA,NA,NA,NA,NA,NA,NA,NA,NA
1424,5,5909,3,106.4692107,1,NA,NA,NA,NA,NA,NA,NA,NA,NA,NA,NA,NA,NA,NA,NA,NA,NA,NA,NA,NA,NA,NA,NA,NA,NA,NA,NA
1424,6,5370,1,191.7841049,1,NA,NA,NA,NA,NA,NA,NA,NA,NA,NA,NA,NA,NA,NA,NA,NA,NA,NA,NA,NA,NA,NA,NA,NA,NA,NA,NA
1424,6,5370,2,195.8318911,1,NA,NA,NA,NA,NA,NA,NA,NA,NA,NA,NA,NA,NA,NA,NA,NA,NA,NA,NA,NA,NA,NA,NA,NA,NA,NA,NA
1424,6,5370,3,148.0243298,1,NA,NA,NA,NA,NA,NA,NA,NA,NA,NA,NA,NA,NA,NA,NA,NA,NA,NA,NA,NA,NA,NA,NA,NA,NA,NA,NA
1425,1,5630,1,337.4571213,1,315,52.10925794,135,10.74821161,64.02,0,0,0,0,0,0,0,0,1,1,1,1,6,6,5,4,4,4,4,3,3,2
1425,1,5630,2,329.04093,1,315,44.58415353,135,6.201561778,79.86,0,0,0,0,0,0,0,0,0,0,1,1,4,4,4,4,3,2,2,2,1,1
1425,1,5630,3,346.7887115,1,315,-0.401583517,135,-46.71361782,1.98,0,0,0,1,0,0,0,0,0,0,0,0,2,2,2,2,2,2,1,1,1,1
1425,1,5693,1,323.7798771,1,NA,NA,NA,NA,NA,NA,NA,NA,NA,NA,NA,NA,NA,NA,NA,NA,NA,NA,NA,NA,NA,NA,NA,NA,NA,NA,NA
1425,1,5693,2,323.1775675,1,NA,NA,NA,NA,NA,NA,NA,NA,NA,NA,NA,NA,NA,NA,NA,NA,NA,NA,NA,NA,NA,NA,NA,NA,NA,NA,NA
1425,2,5255,1,183.3970139,1,225,53.94548367,45,16.98635933,79.86,0,0,0,0,0,0,0,0,0,1,1,1,6,6,6,5,5,4,3,3,2,1
1425,2,5255,2,250.7697382,1,225,53.63884524,45,-15.25491621,79.86,0,0,0,0,0,0,0,0,0,1,1,1,6,5,5,5,4,4,3,3,2,1
1425,2,5255,3,154.5004257,1,NA,NA,NA,NA,NA,NA,NA,NA,NA,NA,NA,NA,NA,NA,NA,NA,NA,NA,NA,NA,NA,NA,NA,NA,NA,NA,NA
1425,2,5255,4,180.7243913,1,NA,NA,NA,NA,NA,NA,NA,NA,NA,NA,NA,NA,NA,NA,NA,NA,NA,NA,NA,NA,NA,NA,NA,NA,NA,NA,NA
1425,2,5334,1,154.8080481,1,180,50.67445431,0,31.84035522,64.02,0,0,0,0,0,0,0,0,1,1,1,1,6,6,5,5,5,4,4,3,2,2
1425,2,5334,2,133.2642719,1,NA,NA,NA,NA,NA,NA,NA,NA,NA,NA,NA,NA,NA,NA,NA,NA,NA,NA,NA,NA,NA,NA,NA,NA,NA,NA,NA
1425,2,5334,3,162.0386131,1,180,16.74528032,0,13.94591095,32.03,0,0,0,0,0,0,0,0,1,0,0,1,4,4,4,4,4,3,2,2,1,1
1425,2,5334,4,149.2967867,1,180,37.74110076,0,26.23377586,79.86,0,0,0,0,0,0,0,0,1,1,1,1,5,4,4,4,4,4,4,3,3,3
1425,2,5581,1,349.0258506,1,0,60.19409076,180,-1.806976729,79.86,0,0,0,0,0,0,1,1,1,1,1,1,7,7,6,6,6,6,6,6,4,3
1425,2,5581,2,351.2751788,1,0,55.13662615,180,-2.017565612,64.02,0,0,0,0,0,0,0,1,1,1,1,1,6,6,6,6,5,5,5,5,4,2
1425,5,5221,1,178.1394065,1,180,54.19451379,0,9.274949138,79.86,0,0,0,0,0,0,0,0,0,1,1,1,5,5,5,4,4,4,3,3,2,2
1425,5,5221,2,16.64915811,1,0,-7.827071153,180,48.53446729,79.86,0,0,0,0,0,0,0,0,0,0,0,1,3,3,3,2,2,2,1,1,1,1
1425,5,5221,3,115.7770847,1,NA,NA,NA,NA,NA,NA,NA,NA,NA,NA,NA,NA,NA,NA,NA,NA,NA,NA,NA,NA,NA,NA,NA,NA,NA,NA,NA
1425,5,5221,4,139.2638314,1,180,46.98330964,0,-10.4830294,64.02,0,0,0,0,0,0,0,0,1,0,1,1,6,6,5,5,4,4,3,2,2,2
1501,8,5988,1,351.2661416,1,0,61.48475063,180,18.73739819,24,0,0,0,0,0,1,1,1,1,1,1,0,7,7,7,7,7,7,6,6,6,2
1501,8,5988,2,353.4139046,1,0,54.12326259,180,13.34394832,24,0,0,0,0,0,1,1,1,1,1,1,0,7,7,7,7,6,6,6,4,1,1
1501,8,6015,1,346.3421888,1,0,63.14287419,180,17.19935843,47.99,0,0,0,0,0,0,1,1,1,1,1,1,7,7,7,7,7,7,6,5,2,1
1501,8,6015,2,344.1674148,1,0,52.8676722,180,8.791068124,64.02,0,0,0,0,0,0,1,1,1,1,1,1,7,7,7,7,7,7,6,6,4,4
1501,8,6048,1,350.6138383,1,0,49.9005219,180,0.108709932,64.02,0,0,0,0,0,0,0,0,1,1,1,0,6,6,5,5,5,4,3,2,2,1
1501,8,6048,2,351.3779669,1,0,43.6849754,180,1.705719334,64.02,0,0,0,0,0,0,0,0,0,1,1,0,5,5,5,5,5,3,2,2,2,1
1501,8,6095,1,358.935527,1,0,40.95229124,180,4.919719931,32.03,0,0,0,0,0,0,0,1,1,0,1,0,6,4,4,4,4,4,3,2,2,1
1501,8,6095,2,359.3828231,1,0,39.48621369,180,5.494041353,32.03,0,0,0,0,0,0,0,1,1,0,0,0,4,4,4,4,3,3,2,1,1,1
1501,8,6149,1,5.135932536,1,0,26.57317506,180,10.51134621,32.03,0,0,0,0,0,0,0,1,1,0,0,0,4,4,3,3,3,2,2,2,1,1
1501,8,6149,2,4.211230182,1,0,22.22106738,180,4.928933171,32.03,0,0,0,0,0,0,0,1,1,0,0,0,2,2,2,2,2,2,2,2,2,1
1501,9,5587,1,14.10606224,1,NA,NA,NA,NA,NA,NA,NA,NA,NA,NA,NA,NA,NA,NA,NA,NA,NA,NA,NA,NA,NA,NA,NA,NA,NA,NA,NA
1501,9,5587,2,29.90955787,1,NA,NA,NA,NA,NA,NA,NA,NA,NA,NA,NA,NA,NA,NA,NA,NA,NA,NA,NA,NA,NA,NA,NA,NA,NA,NA,NA
1502,1,5807,1,236.1477045,1,NA,NA,NA,NA,NA,NA,NA,NA,NA,NA,NA,NA,NA,NA,NA,NA,NA,NA,NA,NA,NA,NA,NA,NA,NA,NA,NA
1502,1,5807,2,282.8595786,1,NA,NA,NA,NA,NA,NA,NA,NA,NA,NA,NA,NA,NA,NA,NA,NA,NA,NA,NA,NA,NA,NA,NA,NA,NA,NA,NA
1503,1,5209,2,325.8136481,1,NA,NA,NA,NA,NA,NA,NA,NA,NA,NA,NA,NA,NA,NA,NA,NA,NA,NA,NA,NA,NA,NA,NA,NA,NA,NA,NA
1503,1,5618,1,193.5246602,1,NA,NA,NA,NA,NA,NA,NA,NA,NA,NA,NA,NA,NA,NA,NA,NA,NA,NA,NA,NA,NA,NA,NA,NA,NA,NA,NA
1503,1,5618,2,167.4185869,1,NA,NA,NA,NA,NA,NA,NA,NA,NA,NA,NA,NA,NA,NA,NA,NA,NA,NA,NA,NA,NA,NA,NA,NA,NA,NA,NA
1503,3,5479,1,217.8381978,1,NA,NA,NA,NA,NA,NA,NA,NA,NA,NA,NA,NA,NA,NA,NA,NA,NA,NA,NA,NA,NA,NA,NA,NA,NA,NA,NA
1503,4,4276,1,59.52397435,1,NA,NA,NA,NA,NA,NA,NA,NA,NA,NA,NA,NA,NA,NA,NA,NA,NA,NA,NA,NA,NA,NA,NA,NA,NA,NA,NA
1503,4,4276,2,61.28150663,1,NA,NA,NA,NA,NA,NA,NA,NA,NA,NA,NA,NA,NA,NA,NA,NA,NA,NA,NA,NA,NA,NA,NA,NA,NA,NA,NA
1503,6,5284,1,289.9377966,1,NA,NA,NA,NA,NA,NA,NA,NA,NA,NA,NA,NA,NA,NA,NA,NA,NA,NA,NA,NA,NA,NA,NA,NA,NA,NA,NA
1503,6,5284,2,316.8659727,1,0,33.91086689,180,-10.1730106,64.02,0,0,0,0,0,0,1,0,0,1,1,1,6,5,5,5,4,4,4,4,2,2
1503,6,5284,3,320.2689789,1,0,27.63033144,180,-13.53673718,32.03,0,0,0,0,0,0,0,0,1,1,0,0,4,4,4,4,3,3,2,2,2,2
1503,6,5323,1,338.0967996,1,0,24.5571961,180,-15.0750738,32.03,0,0,0,0,0,0,1,0,1,0,0,0,4,4,4,4,4,2,2,1,1,1
1503,6,5323,2,335.0890057,1,0,13.904071,180,-11.68739527,32.03,0,0,0,0,1,1,1,0,1,0,0,0,7,7,6,6,5,5,4,4,3,2
1503,6,5323,3,329.6118647,1,0,26.06483811,180,0.125314805,16.03,0,0,0,0,0,0,1,0,0,0,0,0,5,5,5,5,4,2,1,1,1,1
1503,7,5268,1,342.2279776,1,0,34.05270304,180,16.91252713,47.99,0,0,0,0,0,0,0,1,0,1,0,1,5,5,4,4,3,3,3,3,2,1
1503,7,5268,2,337.3166994,1,0,41.97340282,180,-9.092706916,47.99,0,0,0,0,0,0,0,1,1,1,1,1,8,8,7,7,6,5,5,4,3,1
1503,7,5268,3,340.6513139,1,0,39.46258795,180,-2.670366279,47.99,0,0,0,0,0,1,1,1,1,1,1,0,8,8,8,8,8,7,6,6,3,2
1503,7,5268,4,356.8805556,1,0,50.8468955,180,12.76377391,7.98,0,0,0,0,0,1,1,1,1,1,1,0,9,9,8,8,7,7,6,4,4,1
1503,7,5330,1,340.3578046,1,0,54.89199875,180,2.643312009,16.03,0,0,0,0,0,0,1,1,0,1,0,0,7,7,7,7,5,4,3,2,1,1
1503,7,5330,2,330.880792,1,0,48.59510467,180,-9.383273237,16.03,0,0,0,0,0,0,1,1,0,0,0,0,7,7,6,6,6,5,2,1,1,1
1503,7,5330,3,335.2836083,1,0,41.7453557,180,-0.981595454,16.03,0,0,0,0,0,0,1,1,0,0,0,0,8,8,6,4,4,3,2,2,1,1
1503,7,5441,1,338.5545274,1,0,35.91540108,180,3.024705037,16.03,0,0,0,0,0,1,1,1,0,0,0,0,7,6,4,4,4,4,3,3,3,1
1503,7,5441,2,331.9973804,1,0,41.30465292,180,-0.01981139,16.03,0,0,0,0,0,1,1,1,0,0,0,0,7,7,4,4,4,3,3,3,1,1
1503,7,5441,3,341.5780658,1,0,46.9545169,180,-0.635209758,16.03,0,0,0,0,0,1,1,1,1,0,0,0,7,6,6,5,5,5,4,4,3,3
1503,7,5441,4,334.666097,1,0,43.33795865,180,0.85011116,7.98,0,0,0,1,1,1,1,1,0,0,0,0,10,9,8,8,7,7,5,4,3,3
1503,7,5500,1,342.5031619,1,0,48.86920588,180,-1.649325771,24,0,0,0,0,1,1,1,1,1,0,0,0,7,7,6,5,5,5,5,4,3,3
1503,7,5500,2,342.6396343,1,0,35.02751553,180,1.347411078,7.98,0,0,0,0,0,1,1,1,0,0,0,0,5,5,5,5,5,3,3,3,3,2
1503,7,5500,3,349.8801622,1,0,16.31272965,180,-1.128644677,7.98,0,0,0,0,0,1,1,1,0,0,0,0,5,5,5,4,3,3,3,3,2,2
1504,2,5468,1,13.25032488,1,0,54.22526907,180,-23.15413623,32.03,0,0,0,0,0,0,1,0,1,1,0,0,6,6,6,6,6,5,3,3,2,1
1504,2,5468,2,16.65360825,1,0,9.955374907,180,-0.901035934,79.86,0,0,0,0,0,0,0,0,0,0,0,1,3,2,2,2,2,1,1,1,1,1
1504,2,5468,3,23.23001829,1,0,8.351129841,180,0.310699831,79.86,0,0,0,0,0,0,0,0,0,0,1,1,2,2,2,2,2,2,2,1,1,1
1504,4,5045,1,9.588567649,1,0,48.54387484,180,-11.60302085,32.03,0,0,0,0,0,0,0,0,1,1,1,1,7,7,5,5,5,5,4,3,1,1
1504,4,5045,2,15.96678023,1,0,48.98601654,180,-6.784723,32.03,0,0,0,0,0,0,0,1,1,1,1,1,7,6,5,5,5,5,5,5,3,3
1504,4,5045,3,348.7502535,1,0,61.90739228,180,-1.280587627,7.98,0,0,0,0,1,1,1,1,1,1,1,1,9,8,8,8,8,8,8,7,4,2
1504,4,5045,4,8.288647033,1,NA,NA,NA,NA,NA,NA,NA,NA,NA,NA,NA,NA,NA,NA,NA,NA,NA,NA,NA,NA,NA,NA,NA,NA,NA,NA,NA
1504,4,5095,1,12.06679971,1,0,51.22958524,180,-1.730440618,24,0,0,0,0,0,0,0,1,1,0,0,1,7,7,6,6,5,5,3,3,3,1
1504,4,5095,2,9.682301794,1,0,49.69724795,180,-0.143396195,24,0,0,0,0,0,0,0,1,1,0,0,1,6,6,6,6,6,5,3,3,3,2
1504,5,5121,1,15.89096485,1,0,55.97991915,180,23.52138877,64.02,0,0,0,0,0,0,1,1,1,1,1,1,6,6,6,6,6,6,6,5,4,3
1504,5,5121,2,64.74214853,1,NA,NA,NA,NA,NA,NA,NA,NA,NA,NA,NA,NA,NA,NA,NA,NA,NA,NA,NA,NA,NA,NA,NA,NA,NA,NA,NA
1504,5,5121,3,11.04674441,1,0,48.88343145,180,14.19672242,64.02,0,0,0,0,0,0,1,1,1,1,1,0,6,6,6,6,6,5,5,2,2,2
1504,5,5191,1,6.628541477,1,0,59.39167934,180,3.271151717,32.03,0,0,0,0,0,1,1,1,1,0,1,1,9,9,9,8,7,7,6,5,4,1
1504,5,5191,2,13.70637216,1,0,59.62854267,180,14.60773574,24,0,0,0,0,0,0,1,1,1,1,1,1,7,7,7,7,7,6,6,6,5,2
1504,5,5191,3,14.19697589,1,0,45.40665942,180,3.473068113,24,0,0,0,0,0,0,1,1,1,0,1,0,7,7,7,7,6,6,4,3,1,1
1504,5,5253,1,4.841724808,1,0,53.26596999,180,0.161390126,32.03,0,0,0,0,0,0,1,1,1,1,1,0,8,8,7,7,7,5,5,4,2,1
1504,5,5253,2,4.728877684,1,0,53.77934654,180,-0.615740806,47.99,0,0,0,0,0,0,1,1,1,1,0,0,7,7,7,7,7,6,4,4,3,2
1504,5,5338,1,13.46441302,1,0,47.29203242,180,2.219831308,47.99,0,0,0,0,0,0,0,0,1,1,1,1,7,7,6,6,6,5,4,3,2,1
1504,5,5338,2,10.35750417,1,0,55.621479,180,1.955610383,47.99,0,0,0,0,0,0,0,1,1,1,1,1,7,7,7,6,6,6,5,5,3,2
1504,5,5375,1,11.32047539,1,0,47.77512338,180,-14.71880817,24,0,0,0,0,0,0,1,1,0,1,1,1,6,6,6,6,6,6,5,5,4,2
1504,5,5375,2,15.40862292,1,0,50.6318172,180,12.23929117,79.86,0,0,0,0,0,0,1,1,1,1,1,1,6,6,6,6,6,6,6,4,3,2
1504,5,5375,3,12.47236576,1,0,37.9673063,180,-0.376076428,24,0,0,0,0,0,0,0,1,1,1,1,1,6,6,6,6,6,6,5,4,3,3
1505,11,5730,1,356.6111035,1,0,44.74241317,180,9.592063987,16.03,0,0,0,0,0,0,1,0,1,1,0,0,7,7,7,6,6,5,3,3,3,1
1505,11,5730,2,71.58795283,1,NA,NA,NA,NA,NA,NA,NA,NA,NA,NA,NA,NA,NA,NA,NA,NA,NA,NA,NA,NA,NA,NA,NA,NA,NA,NA,NA
1505,11,5730,3,357.2674118,1,NA,NA,NA,NA,NA,NA,NA,NA,NA,NA,NA,NA,NA,NA,NA,NA,NA,NA,NA,NA,NA,NA,NA,NA,NA,NA,NA
1506,1,5505,1,359.4054027,1,0,57.42877116,180,22.29261489,64.02,0,0,0,0,0,0,0,1,1,1,1,1,7,7,7,6,5,5,5,5,3,2
1506,1,5505,2,355.9997217,1,0,50.41639781,180,15.59175032,79.86,0,0,0,0,0,0,0,1,1,1,1,1,7,7,5,5,5,5,5,3,2,2
1506,1,5746,1,146.160549,1,135,42.31027442,315,-1.238603686,16.03,0,0,0,0,0,0,1,1,1,0,0,0,7,7,7,7,7,4,3,3,1,1
1506,1,5746,2,147.1373301,1,135,56.67246753,315,35.5614115,79.86,0,0,0,0,0,0,0,0,1,1,1,1,6,6,6,5,5,5,4,4,3,2
1506,1,5746,3,339.7386402,1,315,50.88576747,135,42.68290155,64.02,0,0,0,0,0,0,0,0,0,1,1,1,6,5,5,5,4,4,3,2,1,1
1510,7,5020,1,23.48126751,1,45,18.29457839,225,-36.73073416,47.99,0,0,0,0,0,0,0,1,0,1,0,1,5,5,5,5,4,3,3,2,2,1
1510,7,5020,2,62.37875061,1,45,31.83886601,225,10.67845283,47.99,0,0,0,0,0,0,0,1,1,1,1,0,6,5,5,5,5,5,4,2,2,1
1510,7,5020,3,51.92784584,1,45,22.39723281,225,0.555699311,32.03,0,0,0,0,0,0,0,1,1,1,0,0,6,6,6,5,5,5,3,3,2,1
1510,7,5020,4,50.18839381,1,45,29.9967368,225,-0.020720197,47.99,0,0,0,0,0,0,0,0,1,1,0,0,5,5,5,5,5,4,2,1,1,1
